{"cameraMode":{"drawMode":0,"name":"Shaded","section":"Shading Mode"},"sceneLighting":true,"audioPlay":false,"sceneViewState":{"m_AlwaysRefresh":false,"showFog":true,"showSkybox":true,"showFlares":true,"showImageEffects":true,"showParticleSystems":true,"showVisualEffectGraphs":true,"m_FxEnabled":true},"in2DMode":false,"pivot":{"x":557.244873046875,"y":277.5374755859375,"z":-1122.8746337890625},"rotation":{"x":0.034789640456438068,"y":0.02697623334825039,"z":-0.0009410262573510408,"w":0.9990357160568237},"size":2.1574692726135256,"orthographic":false}